{
  "info": {
    "name": "Smart Home API",
    "_postman_id": "e6c8b6f5-1a83-4d37-9d4d-1234567890ab",
    "description": "Basic collection for Smart Home API",
    "schema": "https://schema.getpostman.com/json/collection/v2.1.0/collection.json"
  },
  "item": [
    {
      "name": "Register",
      "request": {
        "method": "POST",
        "header": [
          {
            "key": "Content-Type",
            "value": "application/json"
          }
        ],
        "url": {
          "raw": "http://127.0.0.1:8000/api/v1/auth/register",
          "protocol": "http",
          "host": [
            "127",
            "0",
            "0",
            "1"
          ],
          "port": "8000",
          "path": [
            "api",
            "v1",
            "auth",
            "register"
          ]
        },
        "body": {
          "mode": "raw",
          "raw": "{\"email\": \"demo@example.com\", \"password\": \"secret123\"}"
        }
      }
    },
    {
      "name": "Login",
      "request": {
        "method": "POST",
        "header": [
          {
            "key": "Content-Type",
            "value": "application/x-www-form-urlencoded"
          }
        ],
        "url": {
          "raw": "http://127.0.0.1:8000/api/v1/auth/login",
          "protocol": "http",
          "host": [
            "127",
            "0",
            "0",
            "1"
          ],
          "port": "8000",
          "path": [
            "api",
            "v1",
            "auth",
            "login"
          ]
        },
        "body": {
          "mode": "urlencoded",
          "urlencoded": [
            {
              "key": "username",
              "value": "demo@example.com"
            },
            {
              "key": "password",
              "value": "secret123"
            }
          ]
        }
      }
    },
    {
      "name": "Create Room",
      "request": {
        "method": "POST",
        "header": [
          {
            "key": "Content-Type",
            "value": "application/json"
          },
          {
            "key": "Authorization",
            "value": "Bearer {{token}}"
          }
        ],
        "url": {
          "raw": "http://127.0.0.1:8000/api/v1/rooms",
          "protocol": "http",
          "host": [
            "127",
            "0",
            "0",
            "1"
          ],
          "port": "8000",
          "path": [
            "api",
            "v1",
            "rooms"
          ]
        },
        "body": {
          "mode": "raw",
          "raw": "{\"name\": \"Living Room\", \"description\": \"Main area\"}"
        }
      }
    }
  ],
  "event": [
    {
      "listen": "test",
      "script": {
        "type": "text/javascript",
        "exec": [
          "// After Login, store token",
          "if (pm.request.url.path.join('/') === 'api/v1/auth/login') {",
          "  const json = pm.response.json();",
          "  pm.environment.set('token', json.access_token);",
          "}"
        ]
      }
    }
  ]
}